grid_index,age,probability,centile,quantile
0,12.29,0.004,0.4,49.7534147892768
0,12.29,0.02,2,52.3885097259301
0,12.29,0.09,9,55.6931139487424
0,12.29,0.25,25,58.950366442393
0,12.29,0.5,50,62.4224175598204
0,12.29,0.75,75,66.0784210377619
0,12.29,0.91,91,69.8789220658125
0,12.29,0.98,98,74.1640277741105
0,12.29,0.996,99.6,77.9418364622097
1,12.5411666666667,0.004,0.4,52.1360423499881
1,12.5411666666667,0.02,2,54.8868850629995
1,12.5411666666667,0.09,9,58.3406004782216
1,12.5411666666667,0.25,25,61.7491463922809
1,12.5411666666667,0.5,50,65.3871868853785
1,12.5411666666667,0.75,75,69.2232191693879
1,12.5411666666667,0.91,91,73.216533480565
1,12.5411666666667,0.98,98,77.7259101849436
1,12.5411666666667,0.996,99.6,81.7074190471889
2,12.7923333333333,0.004,0.4,54.5254784153694
2,12.7923333333333,0.02,2,57.3901515568574
2,12.7923333333333,0.09,9,60.9908159018147
2,12.7923333333333,0.25,25,64.5488161158692
2,12.7923333333333,0.5,50,68.3512360499154
2,12.7923333333333,0.75,75,72.3660256252404
2,12.7923333333333,0.91,91,76.5513265088062
2,12.7923333333333,0.98,98,81.2846883606761
2,12.7923333333333,0.996,99.6,85.470246715402
3,13.0435,0.004,0.4,56.9235718645814
3,13.0435,0.02,2,59.8997675729238
3,13.0435,0.09,9,63.6446906447269
3,13.0435,0.25,25,67.3497474119896
3,13.0435,0.5,50,71.3143037379001
3,13.0435,0.75,75,75.5058754045864
3,13.0435,0.91,91,79.881570206055
3,13.0435,0.98,98,84.8377334047419
3,13.0435,0.996,99.6,89.2268757077854
4,13.2946666666667,0.004,0.4,59.3325495817859
4,13.2946666666667,0.02,2,62.4174989405591
4,13.2946666666667,0.09,9,66.3033651402219
4,13.2946666666667,0.25,25,70.152415933799
4,13.2946666666667,0.5,50,74.2761080035342
4,13.2946666666667,0.75,75,78.641638899502
4,13.2946666666667,0.91,91,83.2052051301202
4,13.2946666666667,0.98,98,88.3818856193173
4,13.2946666666667,0.996,99.6,92.9731377194849
5,13.5458333333333,0.004,0.4,61.7547767975645
5,13.5458333333333,0.02,2,64.9452310102867
5,13.5458333333333,0.09,9,68.9680697534444
5,13.5458333333333,0.25,25,72.9573509029815
5,13.5458333333333,0.5,50,77.2363731149536
5,13.5458333333333,0.75,75,81.772132544685
5,13.5458333333333,0.91,91,86.5200434267316
5,13.5458333333333,0.98,98,91.9137576546442
5,13.5458333333333,0.996,99.6,96.7045353618424
6,13.797,0.004,0.4,64.1927448936306
6,13.797,0.02,2,67.4849484496071
6,13.797,0.09,9,71.6400944924828
6,13.797,0.25,25,75.7650947357032
6,13.797,0.5,50,80.1947781339614
6,13.797,0.75,75,84.8960552585602
6,13.797,0.91,91,89.8236918827241
6,13.797,0.98,98,95.429641225099
6,13.797,0.996,99.6,100.416133108418
7,14.0481666666667,0.004,0.4,66.6489474452796
7,14.0481666666667,0.02,2,70.0386157561066
7,14.0481666666667,0.09,9,74.3206766376263
7,14.0481666666667,0.25,25,78.5760992003945
7,14.0481666666667,0.5,50,83.1508636490308
7,14.0481666666667,0.75,75,88.0119077524741
7,14.0481666666667,0.91,91,93.1134856125313
7,14.0481666666667,0.98,98,98.9254582378261
7,14.0481666666667,0.996,99.6,104.102524549872
8,14.2993333333333,0.004,0.4,69.1259647570537
8,14.2993333333333,0.02,2,72.6082677174867
8,14.2993333333333,0.09,9,77.0110983288926
8,14.2993333333333,0.25,25,81.3908295960492
8,14.2993333333333,0.5,50,86.1041423562843
8,14.2993333333333,0.75,75,91.1181089641359
8,14.2993333333333,0.91,91,96.386609359743
8,14.2993333333333,0.98,98,102.396885739768
8,14.2993333333333,0.996,99.6,107.757958594149
9,14.5505,0.004,0.4,71.6264635377919
9,14.5505,0.02,2,75.1960142499816
9,14.5505,0.09,9,79.7126984805983
9,14.5505,0.25,25,84.2097842015979
9,14.5505,0.5,50,89.0541270139698
9,14.5505,0.75,75,94.2130333047507
9,14.5505,0.91,91,99.6401445181415
9,14.5505,0.98,98,105.839413723467
9,14.5505,0.996,99.6,111.376406205575
10,14.8016666666667,0.004,0.4,74.1531654312917
10,14.8016666666667,0.02,2,77.8040140683294
10,14.8016666666667,0.09,9,82.4268539757167
10,14.8016666666667,0.25,25,87.0334840016333
10,14.8016666666667,0.5,50,92.0003303786413
10,14.8016666666667,0.75,75,97.295022437523
10,14.8016666666667,0.91,91,102.871094188534
10,14.8016666666667,0.98,98,109.248385996319
10,14.8016666666667,0.996,99.6,114.951615602296
11,15.0528333333333,0.004,0.4,76.7088149299695
11,15.0528333333333,0.02,2,80.4344475845426
11,15.0528333333333,0.09,9,85.1549600746801
11,15.0528333333333,0.25,25,89.8624618515608
11,15.0528333333333,0.5,50,94.9422651328215
11,15.0528333333333,0.75,75,100.362398032248
11,15.0528333333333,0.91,91,106.076410730862
11,15.0528333333333,0.98,98,112.619045928623
11,15.0528333333333,0.996,99.6,118.477175069538
12,15.304,0.004,0.4,79.2955737281883
12,15.304,0.02,2,83.0890258712335
12,15.304,0.09,9,87.8980936302868
12,15.304,0.25,25,92.6970890780042
12,15.304,0.5,50,97.8794569140605
12,15.304,0.75,75,103.413684626728
12,15.304,0.91,91,109.253451264568
12,15.304,0.98,98,115.947271712401
12,15.304,0.996,99.6,121.947509910506
13,15.5551666666667,0.004,0.4,81.913053735427
13,15.5551666666667,0.02,2,85.76739660086
13,15.5551666666667,0.09,9,90.6559201603154
13,15.5551666666667,0.25,25,95.5370128945772
13,15.5551666666667,0.5,50,100.811486855583
13,15.5551666666667,0.75,75,106.448333857229
13,15.5551666666667,0.91,91,112.401459105034
13,15.5551666666667,0.98,98,119.231971232046
13,15.5551666666667,0.996,99.6,125.361135362042
14,15.8063333333333,0.004,0.4,84.5598768370531
14,15.8063333333333,0.02,2,88.4683998469646
14,15.8063333333333,0.09,9,93.4275464100325
14,15.8063333333333,0.25,25,98.3815887424148
14,15.8063333333333,0.5,50,103.737952476898
14,15.8063333333333,0.75,75,109.466164132268
14,15.8063333333333,0.91,91,115.520436174494
14,15.8063333333333,0.98,98,122.473285582762
14,15.8063333333333,0.996,99.6,128.718246124857
15,16.0575,0.004,0.4,87.2343995239377
15,16.0575,0.02,2,91.1906533764998
15,16.0575,0.09,9,96.2119195828307
15,16.0575,0.25,25,101.230084286658
15,16.0575,0.5,50,106.65845118158
15,16.0575,0.75,75,112.467098729901
15,16.0575,0.91,91,118.610612271802
15,16.0575,0.98,98,125.67173924893
15,16.0575,0.996,99.6,132.01957183763
16,16.3086666666667,0.004,0.4,89.9347400852395
16,16.3086666666667,0.02,2,93.9325751323722
16,16.3086666666667,0.09,9,99.0078431189381
16,16.3086666666667,0.25,25,104.081687880372
16,16.3086666666667,0.5,50,109.572580362685
16,16.3086666666667,0.75,75,115.451156740728
16,16.3086666666667,0.91,91,121.672426421191
16,16.3086666666667,0.98,98,128.828210994843
16,16.3086666666667,0.996,99.6,135.266339471171
17,16.5598333333333,0.004,0.4,92.6588101538457
17,16.5598333333333,0.02,2,96.6924094149834
17,16.5598333333333,0.09,9,101.813995191882
17,16.5598333333333,0.25,25,106.935518558862
17,16.5598333333333,0.5,50,112.479937482635
17,16.5598333333333,0.75,75,118.418441971073
17,16.5598333333333,0.91,91,124.706503626347
17,16.5598333333333,0.98,98,131.943896660032
17,16.5598333333333,0.996,99.6,138.460223957826
18,16.811,0.004,0.4,95.4045275997883
18,16.811,0.02,2,99.4684053975673
18,16.811,0.09,9,104.629059831772
18,16.811,0.25,25,109.790705799062
18,16.811,0.5,50,115.380140021258
18,16.811,0.75,75,121.369094310415
18,16.811,0.91,91,127.713528924649
18,16.811,0.98,98,135.020088791671
18,16.811,0.996,99.6,141.60303832405
19,17.0621666666667,0.004,0.4,98.1708783815656
19,17.0621666666667,0.02,2,102.259708117934
19,17.0621666666667,0.09,9,107.452384068664
19,17.0621666666667,0.25,25,112.646794406276
19,17.0621666666667,0.5,50,118.272937114303
19,17.0621666666667,0.75,75,124.303064708298
19,17.0621666666667,0.91,91,130.693641214263
19,17.0621666666667,0.98,98,138.057101380751
19,17.0621666666667,0.996,99.6,144.695209136754
20,17.3133333333333,0.004,0.4,100.957240403622
20,17.3133333333333,0.02,2,105.065790528719
20,17.3133333333333,0.09,9,110.283557539751
20,17.3133333333333,0.25,25,115.503482509234
20,17.3133333333333,0.5,50,121.158130596428
20,17.3133333333333,0.75,75,127.220244943563
20,17.3133333333333,0.91,91,133.646797571127
20,17.3133333333333,0.98,98,141.054920436001
20,17.3133333333333,0.996,99.6,147.73669894138
21,17.5645,0.004,0.4,103.762914865557
21,17.5645,0.02,2,107.886059949072
21,17.5645,0.09,9,113.122121489
21,17.5645,0.25,25,118.36044090615
21,17.5645,0.5,50,124.035522335398
21,17.5645,0.75,75,130.120561607503
21,17.5645,0.91,91,136.573033014951
21,17.5645,0.98,98,144.013667601292
21,17.5645,0.996,99.6,150.727665093862
22,17.8156666666667,0.004,0.4,106.587132242675
22,17.8156666666667,0.02,2,110.719862994026
22,17.8156666666667,0.09,9,115.967572205677
22,17.8156666666667,0.25,25,121.217314884623
22,17.8156666666667,0.5,50,126.904914226176
22,17.8156666666667,0.75,75,133.003974156663
22,17.8156666666667,0.91,91,139.472456656011
22,17.8156666666667,0.98,98,146.933594501129
22,17.8156666666667,0.996,99.6,153.668453044687
23,18.0668333333333,0.004,0.4,109.429058598026
23,18.0668333333333,0.02,2,113.566490816514
23,18.0668333333333,0.09,9,118.819364719234
23,18.0668333333333,0.25,25,124.073726193807
23,18.0668333333333,0.5,50,129.766108156655
23,18.0668333333333,0.75,75,135.870472649794
23,18.0668333333333,0.91,91,142.345247099256
23,18.0668333333333,0.98,98,149.815075678236
23,18.0668333333333,0.996,99.6,156.559587445358
24,18.318,0.004,0.4,112.287006419988
24,18.318,0.02,2,116.424534790024
24,18.318,0.09,9,121.676465853117
24,18.318,0.25,25,126.929038360859
24,18.318,0.5,50,132.618917753327
24,18.318,0.75,75,138.720372504839
24,18.318,0.91,91,145.192268288596
24,18.318,0.98,98,152.659621247859
24,18.318,0.996,99.6,159.403167077697
25,18.5691666666667,0.004,0.4,115.15163179694
25,18.5691666666667,0.02,2,119.286333369007
25,18.5691666666667,0.09,9,124.533502831971
25,18.5691666666667,0.25,25,129.780334526838
25,18.5691666666667,0.5,50,135.463269146887
25,18.5691666666667,0.75,75,141.556852693461
25,18.5691666666667,0.91,91,148.020372421086
25,18.5691666666667,0.98,98,155.478595665208
25,18.5691666666667,0.996,99.6,162.21487334758
26,18.8203333333333,0.004,0.4,118.009345968656
26,18.8203333333333,0.02,2,122.140764643505
26,18.8203333333333,0.09,9,127.382705773296
26,18.8203333333333,0.25,25,132.623440099173
26,18.8203333333333,0.5,50,138.299151424607
26,18.8203333333333,0.75,75,144.384672251987
26,18.8203333333333,0.91,91,150.839716389221
26,18.8203333333333,0.98,98,158.288807574415
26,18.8203333333333,0.996,99.6,165.017903642407
27,19.0715,0.004,0.4,120.846575756212
27,19.0715,0.02,2,124.976726800254
27,19.0715,0.09,9,130.21632367495
27,19.0715,0.25,25,135.454192456299
27,19.0715,0.5,50,141.126554357346
27,19.0715,0.75,75,147.208577608496
27,19.0715,0.91,91,153.660432930143
27,19.0715,0.98,98,161.107036868635
27,19.0715,0.996,99.6,167.835435655844
28,19.3226666666667,0.004,0.4,123.649782896944
28,19.3226666666667,0.02,2,127.783149941413
28,19.3226666666667,0.09,9,133.026629230737
28,19.3226666666667,0.25,25,138.268441587783
28,19.3226666666667,0.5,50,143.945467705678
28,19.3226666666667,0.75,75,150.033304160678
28,19.3226666666667,0.91,91,156.492638854392
28,19.3226666666667,0.98,98,163.950056152964
28,19.3226666666667,0.996,99.6,170.6906661159
29,19.5738333333333,0.004,0.4,126.40536134848
29,19.5738333333333,0.02,2,130.548904352195
29,19.5738333333333,0.09,9,135.805848149529
29,19.5738333333333,0.25,25,141.062008720609
29,19.5738333333333,0.5,50,146.755881256863
29,19.5738333333333,0.75,75,152.86363233641
29,19.5738333333333,0.91,91,159.346564257005
29,19.5738333333333,0.98,98,166.834862806099
29,19.5738333333333,0.996,99.6,173.607153637812
30,19.825,0.004,0.4,129.100479880658
30,19.825,0.02,2,133.263482322605
30,19.825,0.09,9,138.546630248068
30,19.825,0.25,25,143.830939918359
30,19.825,0.5,50,149.557796108906
30,19.825,0.75,75,155.704132377013
30,19.825,0.91,91,162.232008457674
30,19.825,0.98,98,169.777795760483
30,19.825,0.996,99.6,176.607625778675
31,20.0761666666667,0.004,0.4,131.737147154897
31,20.0761666666667,0.02,2,135.928552220265
31,20.0761666666667,0.09,9,141.25018068438
31,20.0761666666667,0.25,25,146.575951191139
31,20.0761666666667,0.5,50,152.351380620864
31,20.0761666666667,0.75,75,158.554378863847
31,20.0761666666667,0.91,91,165.147926070215
31,20.0761666666667,0.98,98,172.777131514917
31,20.0761666666667,0.996,99.6,179.689804775567
32,20.3273333333333,0.004,0.4,134.329133064138
32,20.3273333333333,0.02,2,138.555441314825
32,20.3273333333333,0.09,9,143.924500362548
32,20.3273333333333,0.25,25,149.301472819647
32,20.3273333333333,0.5,50,155.136932892598
32,20.3273333333333,0.75,75,161.409946558165
32,20.3273333333333,0.91,91,168.084567075427
32,20.3273333333333,0.98,98,175.816596198577
32,20.3273333333333,0.996,99.6,182.831197020603
33,20.5785,0.004,0.4,136.890761301903
33,20.5785,0.02,2,141.15594029736
33,20.5785,0.09,9,146.577924999205
33,20.5785,0.25,25,152.012122594751
33,20.5785,0.5,50,157.914753988489
33,20.5785,0.75,75,164.266181712799
33,20.5785,0.91,91,171.031663785516
33,20.5785,0.98,98,178.879001000119
33,20.5785,0.996,99.6,186.007969324944
34,20.8296666666667,0.004,0.4,139.436814520575
34,20.8296666666667,0.02,2,143.742236649229
34,20.8296666666667,0.09,9,149.219087976264
34,20.8296666666667,0.25,25,154.7126900998
34,20.8296666666667,0.5,50,160.685145028248
34,20.8296666666667,0.75,75,167.118199151737
34,20.8296666666667,0.91,91,173.97841010269
34,20.8296666666667,0.98,98,181.946174627348
34,20.8296666666667,0.996,99.6,189.194811381647
35,21.0808333333333,0.004,0.4,141.982605147134
35,21.0808333333333,0.02,2,146.326979338789
35,21.0808333333333,0.09,9,151.856971675067
35,21.0808333333333,0.25,25,157.408167677415
35,21.0808333333333,0.5,50,163.44840712779
35,21.0808333333333,0.75,75,169.960837103459
35,21.0808333333333,0.91,91,176.913353062088
35,21.0808333333333,0.98,98,184.998758754444
35,21.0808333333333,0.996,99.6,192.364619586891
36,21.332,0.004,0.4,144.543610806966
36,21.332,0.02,2,148.922980109754
36,21.332,0.09,9,154.500698579959
36,21.332,0.25,25,160.103638125925
36,21.332,0.5,50,166.204841014375
36,21.332,0.75,75,172.78878463665
36,21.332,0.91,91,179.824663678622
36,21.332,0.98,98,188.016652509417
36,21.332,0.996,99.6,195.489103621049
37,21.5831666666667,0.004,0.4,147.124967762865
37,21.5831666666667,0.02,2,151.534567052216
37,21.5831666666667,0.09,9,157.153445472315
37,21.5831666666667,0.25,25,162.800978118454
37,21.5831666666667,0.5,50,168.954736305942
37,21.5831666666667,0.75,75,175.600408879134
37,21.5831666666667,0.91,91,182.708402159315
37,21.5831666666667,0.98,98,190.992884870662
37,21.5831666666667,0.996,99.6,198.558187689093
38,21.8343333333333,0.004,0.4,149.720455856346
38,21.8343333333333,0.02,2,154.156726193209
38,21.8343333333333,0.09,9,159.811817325389
38,21.8343333333333,0.25,25,165.498506568509
38,21.8343333333333,0.5,50,171.698370929704
38,21.8343333333333,0.75,75,178.398200935422
38,21.8343333333333,0.91,91,185.569526917862
38,21.8343333333333,0.98,98,193.935403233408
38,21.8343333333333,0.996,99.6,201.582638250572
39,22.0855,0.004,0.4,152.323145373638
39,22.0855,0.02,2,156.783847539286
39,22.0855,0.09,9,162.471988237904
39,22.0855,0.25,25,168.194302587939
39,22.0855,0.5,50,174.436022300881
39,22.0855,0.75,75,181.184949219425
39,22.0855,0.91,91,188.413661111348
39,22.0855,0.98,98,196.853316783456
39,22.0855,0.996,99.6,204.574906841086
40,22.3366666666667,0.004,0.4,154.92591842795
40,22.3366666666667,0.02,2,159.410156517981
40,22.3366666666667,0.09,9,165.130007148552
40,22.3366666666667,0.25,25,170.886372134049
40,22.3366666666667,0.5,50,177.16796781499
40,22.3366666666667,0.75,75,183.963543299807
40,22.3366666666667,0.91,91,191.246666374956
40,22.3366666666667,0.98,98,199.756176386032
40,22.3366666666667,0.996,99.6,207.548117829895
41,22.5878333333333,0.004,0.4,157.521509517567
41,22.5878333333333,0.02,2,162.029749571822
41,22.5878333333333,0.09,9,167.781824864313
41,22.5878333333333,0.25,25,173.572663701325
41,22.5878333333333,0.5,50,179.894484857859
41,22.5878333333333,0.75,75,186.736952858344
41,22.5878333333333,0.91,91,194.074594335603
41,22.5878333333333,0.98,98,202.653887519618
41,22.5878333333333,0.996,99.6,210.515939895352
42,22.839,0.004,0.4,160.102616531111
42,22.839,0.02,2,164.636686825141
42,22.839,0.09,9,170.423360287513
42,22.839,0.25,25,176.251104316027
42,22.839,0.5,50,182.615849465881
42,22.839,0.75,75,189.50818065315
42,22.839,0.91,91,196.903584278867
42,22.839,0.98,98,205.556534865429
42,22.839,0.996,99.6,213.492335620463
43,23.0901666666667,0.004,0.4,162.668085474665
43,23.0901666666667,0.02,2,167.230083050518
43,23.0901666666667,0.09,9,173.054074124911
43,23.0901666666667,0.25,25,178.921506148998
43,23.0901666666667,0.5,50,185.332260833972
43,23.0901666666667,0.75,75,192.277848220387
43,23.0901666666667,0.91,91,199.734713962411
43,23.0901666666667,0.98,98,208.465732929834
43,23.0901666666667,0.996,99.6,216.479413501597
44,23.3413333333333,0.004,0.4,165.225797161069
44,23.3413333333333,0.02,2,169.816490372362
44,23.3413333333333,0.09,9,175.678648432645
44,23.3413333333333,0.25,25,181.586467608418
44,23.3413333333333,0.5,50,188.043808502525
44,23.3413333333333,0.75,75,195.043049141254
44,23.3413333333333,0.91,91,202.561533820414
44,23.3413333333333,0.98,98,211.370446322909
44,23.3413333333333,0.996,99.6,219.461506671871
45,23.5925,0.004,0.4,167.784574274737
45,23.5925,0.02,2,172.403242400712
45,23.5925,0.09,9,178.302320544441
45,23.5925,0.25,25,184.248888315977
45,23.5925,0.5,50,190.7505731343
45,23.5925,0.75,75,197.800490585728
45,23.5925,0.91,91,205.376750098667
45,23.5925,0.98,98,214.258183747544
45,23.5925,0.996,99.6,222.420851975255
46,23.8436666666667,0.004,0.4,170.35345954445
46,23.8436666666667,0.02,2,174.997858009231
46,23.8436666666667,0.09,9,180.930462603593
46,23.8436666666667,0.25,25,186.911743670971
46,23.8436666666667,0.5,50,193.452635423263
46,23.8436666666667,0.75,75,200.546781954472
46,23.8436666666667,0.91,91,208.172844708372
46,23.8436666666667,0.98,98,217.116047697928
46,23.8436666666667,0.996,99.6,225.3390754375
47,24.0948333333333,0.004,0.4,172.941691828372
47,24.0948333333333,0.02,2,177.608016726862
47,24.0948333333333,0.09,9,183.56855959291
47,24.0948333333333,0.25,25,189.578070285813
47,24.0948333333333,0.5,50,196.150076069451
47,24.0948333333333,0.75,75,203.27845951027
47,24.0948333333333,0.91,91,210.942138339447
47,24.0948333333333,0.98,98,219.930861026082
47,24.0948333333333,0.996,99.6,228.19739720874
48,24.346,0.004,0.4,175.558598201665
48,24.346,0.02,2,180.241462250756
48,24.346,0.09,9,186.222134180168
48,24.346,0.25,25,192.25092108482
48,24.346,0.5,50,198.842975479983
48,24.346,0.75,75,205.992049986006
48,24.346,0.91,91,213.676943336757
48,24.346,0.98,98,222.689455582167
48,24.346,0.996,99.6,230.977078751728
49,24.5971666666667,0.004,0.4,178.205968363566
49,24.5971666666667,0.02,2,182.899695649115
49,24.5971666666667,0.09,9,188.892273541881
49,24.5971666666667,0.25,25,194.930913312466
49,24.5971666666667,0.5,50,201.531374605074
49,24.5971666666667,0.75,75,208.686892949394
49,24.5971666666667,0.91,91,216.375752972672
49,24.5971666666667,0.98,98,225.389204212724
49,24.5971666666667,0.996,99.6,233.674334087985
50,24.8483333333333,0.004,0.4,180.87028614899
50,24.8483333333333,0.02,2,185.571566175955
50,24.8483333333333,0.09,9,191.571097559944
50,24.8483333333333,0.25,25,197.613751944836
50,24.8483333333333,0.5,50,204.215235474856
50,24.8483333333333,0.75,75,211.367972300595
50,24.8483333333333,0.91,91,219.049428243354
50,24.8483333333333,0.98,98,228.048504831266
50,24.8483333333333,0.996,99.6,236.315117844556
51,25.0995,0.004,0.4,183.536083089444
51,25.0995,0.02,2,188.244319756687
51,25.0995,0.09,9,194.249598386675
51,25.0995,0.25,25,200.294528617587
51,25.0995,0.5,50,206.894510809358
51,25.0995,0.75,75,214.040968715522
51,25.0995,0.91,91,221.710347739736
51,25.0995,0.98,98,230.688321318913
51,25.0995,0.996,99.6,238.92900083934
52,25.3506666666667,0.004,0.4,186.187775805277
52,25.3506666666667,0.02,2,190.905127644195
52,25.3506666666667,0.09,9,196.918732941977
52,25.3506666666667,0.25,25,202.968325024812
52,25.3506666666667,0.5,50,209.569153313781
52,25.3506666666667,0.75,75,216.711551367589
52,25.3506666666667,0.91,91,224.370838794957
52,25.3506666666667,0.98,98,233.329481290801
52,25.3506666666667,0.996,99.6,241.54530079683
53,25.6018333333333,0.004,0.4,188.809639924687
53,25.6018333333333,0.02,2,193.54107066146
53,25.6018333333333,0.09,9,199.569417181182
53,25.6018333333333,0.25,25,205.630212877737
53,25.6018333333333,0.5,50,212.239115678826
53,25.6018333333333,0.75,75,219.38536922089
53,25.6018333333333,0.91,91,227.043147348352
53,25.6018333333333,0.98,98,235.992601951891
53,25.6018333333333,0.996,99.6,244.192946672945
54,25.853,0.004,0.4,191.385679415911
54,25.853,0.02,2,196.139032741484
54,25.853,0.09,9,202.192452272307
54,25.853,0.25,25,208.275214652368
54,25.853,0.5,50,214.904350669671
54,25.853,0.75,75,222.068095108609
54,25.853,0.91,91,229.739530197447
54,25.853,0.98,98,238.698239024708
54,25.853,0.996,99.6,246.900678846262
55,26.1041666666667,0.004,0.4,193.903948330833
55,26.1041666666667,0.02,2,198.689237362224
55,26.1041666666667,0.09,9,204.78099147314
55,26.1041666666667,0.25,25,210.899616733358
55,26.1041666666667,0.5,50,217.564775993938
55,26.1041666666667,0.75,75,224.763826112979
55,26.1041666666667,0.91,91,232.468855170783
55,26.1041666666667,0.98,98,241.461219762478
55,26.1041666666667,0.996,99.6,249.689149245878
56,26.3553333333333,0.004,0.4,196.364558909829
56,26.3553333333333,0.02,2,201.191794124094
56,26.3553333333333,0.09,9,207.335101277238
56,26.3553333333333,0.25,25,213.503395081263
56,26.3553333333333,0.5,50,220.220212070495
56,26.3553333333333,0.75,75,227.472144206616
56,26.3553333333333,0.91,91,235.230363316067
56,26.3553333333333,0.98,98,244.280268490236
56,26.3553333333333,0.996,99.6,252.556490599132
57,26.6065,0.004,0.4,198.769562726848
57,26.6065,0.02,2,203.648398022607
57,26.6065,0.09,9,209.855952521541
57,26.6065,0.25,25,216.08711225318
57,26.6065,0.5,50,222.870462267368
57,26.6065,0.75,75,230.19191562932
57,26.6065,0.91,91,238.021778223516
57,26.6065,0.98,98,247.151585646811
57,26.6065,0.996,99.6,255.497323978712
58,26.8576666666667,0.004,0.4,201.12083061737
58,26.8576666666667,0.02,2,206.060593948209
58,26.8576666666667,0.09,9,212.344609157431
58,26.8576666666667,0.25,25,218.651272266246
58,26.8576666666667,0.5,50,225.515329954678
58,26.8576666666667,0.75,75,232.922077087756
58,26.8576666666667,0.91,91,240.840978172516
58,26.8576666666667,0.98,98,250.071636945318
58,26.8576666666667,0.996,99.6,258.506649362253
59,27.1088333333333,0.004,0.4,203.42010632875
59,27.1088333333333,0.02,2,208.42982290524
59,27.1088333333333,0.09,9,214.802062597354
59,27.1088333333333,0.25,25,221.196340150877
59,27.1088333333333,0.5,50,228.154618484341
59,27.1088333333333,0.75,75,235.661610311886
59,27.1088333333333,0.91,91,243.685938266933
59,27.1088333333333,0.98,98,253.037050446481
59,27.1088333333333,0.996,99.6,261.579694253512
60,27.36,0.004,0.4,205.669052108791
60,27.36,0.02,2,210.757461398473
60,27.36,0.09,9,217.229261055083
60,27.36,0.25,25,223.722758658833
60,27.36,0.5,50,230.788131096787
60,27.36,0.75,75,238.409520082785
60,27.36,0.91,91,246.554680549797
60,27.36,0.98,98,256.044527934936
60,27.36,0.996,99.6,264.71178353162
61,27.6111666666667,0.004,0.4,207.86962391197
61,27.6111666666667,0.02,2,213.045133253774
61,27.6111666666667,0.09,9,219.627333895901
61,27.6111666666667,0.25,25,226.23107701083
61,27.6111666666667,0.5,50,233.415686573224
61,27.6111666666667,0.75,75,241.164717109005
61,27.6111666666667,0.91,91,249.445002402211
61,27.6111666666667,0.98,98,259.090376667674
61,27.6111666666667,0.996,99.6,267.897675662761
62,27.8623333333333,0.004,0.4,210.025067901427
62,27.8623333333333,0.02,2,215.29553463835
62,27.8623333333333,0.09,9,221.998182777809
62,27.8623333333333,0.25,25,228.722289502069
62,27.8623333333333,0.5,50,236.037162593654
62,27.8623333333333,0.75,75,243.925718837933
62,27.8623333333333,0.91,91,252.353783505012
62,27.8623333333333,0.98,98,262.169321106944
62,27.8623333333333,0.996,99.6,271.129887804636
63,28.1135,0.004,0.4,212.139145932836
63,28.1135,0.02,2,217.511793786318
63,28.1135,0.09,9,224.344022186631
63,28.1135,0.25,25,231.197568943678
63,28.1135,0.5,50,238.652452368677
63,28.1135,0.75,75,246.690862676141
63,28.1135,0.91,91,255.277491853068
63,28.1135,0.98,98,265.275374903469
63,28.1135,0.996,99.6,274.399926063776
64,28.3646666666667,0.004,0.4,214.215886448807
64,28.3646666666667,0.02,2,219.697265486251
64,28.3646666666667,0.09,9,226.667231984308
64,28.3646666666667,0.25,25,233.658180551859
64,28.3646666666667,0.5,50,241.261448987567
64,28.3646666666667,0.75,75,249.458370969405
64,28.3646666666667,0.91,91,258.212340613149
64,28.3646666666667,0.98,98,268.402112862066
64,28.3646666666667,0.996,99.6,277.698670841753
65,28.6158333333333,0.004,0.4,216.259628425038
65,28.6158333333333,0.02,2,221.855567665935
65,28.6158333333333,0.09,9,228.970383417794
65,28.6158333333333,0.25,25,236.105496189026
65,28.6158333333333,0.5,50,243.864045834473
65,28.6158333333333,0.75,75,252.226335717276
65,28.6158333333333,0.91,91,261.154255699357
65,28.6158333333333,0.98,98,271.542618934986
65,28.6158333333333,0.996,99.6,281.016308202014
66,28.867,0.004,0.4,218.275175794697
66,28.867,0.02,2,223.990707675275
66,28.867,0.09,9,231.256326872549
66,28.867,0.25,25,238.541040697714
66,28.867,0.5,50,246.460135153545
66,28.867,0.75,75,254.992663042942
66,28.867,0.91,91,264.098760264477
66,28.867,0.98,98,274.689299202673
66,28.867,0.996,99.6,284.342077228466
67,29.1181666666667,0.004,0.4,220.266768403594
67,29.1181666666667,0.02,2,226.106238948827
67,29.1181666666667,0.09,9,233.527603416986
67,29.1181666666667,0.25,25,240.96618075109
67,29.1181666666667,0.5,50,249.049623871505
67,29.1181666666667,0.75,75,257.755472094684
67,29.1181666666667,0.91,91,267.041818953516
67,29.1181666666667,0.98,98,277.835293425253
67,29.1181666666667,0.996,99.6,287.666246760861
68,29.3693333333333,0.004,0.4,222.233898197638
68,29.3693333333333,0.02,2,228.201835855898
68,29.3693333333333,0.09,9,235.784058263619
68,29.3693333333333,0.25,25,243.380863685454
68,29.3693333333333,0.5,50,251.632492044785
68,29.3693333333333,0.75,75,260.514688467137
68,29.3693333333333,0.91,91,269.983200021515
68,29.3693333333333,0.98,98,280.980065154327
68,29.3693333333333,0.996,99.6,290.98789764334
69,29.6205,0.004,0.4,224.174087251337
69,29.6205,0.02,2,230.275569650929
69,29.6205,0.09,9,238.024427209629
69,29.6205,0.25,25,245.784454113716
69,29.6205,0.5,50,254.208746756282
69,29.6205,0.75,75,263.270966775017
69,29.6205,0.91,91,272.92420365734
69,29.6205,0.98,98,284.125616890652
69,29.6205,0.996,99.6,294.309639607483
70,29.8716666666667,0.004,0.4,226.08465758672
70,29.8716666666667,0.02,2,232.325359285574
70,29.8716666666667,0.09,9,240.247348821457
70,29.8716666666667,0.25,25,248.176268790013
70,29.8716666666667,0.5,50,256.778395041678
70,29.8716666666667,0.75,75,266.025007420812
70,29.8716666666667,0.91,91,275.866219863269
70,29.8716666666667,0.98,98,287.274088310191
70,29.8716666666667,0.996,99.6,297.634261685371
71,30.1228333333333,0.004,0.4,227.962706784374
71,30.1228333333333,0.02,2,234.348953661871
71,30.1228333333333,0.09,9,242.451353864627
71,30.1228333333333,0.25,25,250.555571851943
71,30.1228333333333,0.5,50,259.341443940826
71,30.1228333333333,0.75,75,268.777560144462
71,30.1228333333333,0.91,91,278.810733889796
71,30.1228333333333,0.98,98,290.427761552288
71,30.1228333333333,0.996,99.6,300.964735160064
72,30.374,0.004,0.4,229.805084732429
72,30.374,0.02,2,236.343915158787
72,30.374,0.09,9,244.634855880002
72,30.374,0.25,25,252.921570776245
72,30.374,0.5,50,261.897900484862
72,30.374,0.75,75,271.529426362184
72,30.374,0.91,91,281.759328940593
72,30.374,0.98,98,293.589061703397
72,30.374,0.996,99.6,304.304209597935
73,30.6251666666667,0.004,0.4,231.609023698055
73,30.6251666666667,0.02,2,238.308135712145
73,30.6251666666667,0.09,9,246.79651085202
73,30.6251666666667,0.25,25,255.273606631671
73,30.6251666666667,0.5,50,264.44776392009
73,30.6251666666667,0.75,75,274.281222413291
73,30.6251666666667,0.91,91,284.713187851489
73,30.6251666666667,0.98,98,296.759732818226
73,30.6251666666667,0.996,99.6,307.654872729037
74,30.8763333333333,0.004,0.4,233.37724440581
74,30.8763333333333,0.02,2,240.243994992097
74,30.8763333333333,0.09,9,248.938095684522
74,30.8763333333333,0.25,25,257.612668147511
74,30.8763333333333,0.5,50,266.990967506713
74,30.8763333333333,0.75,75,277.031527615761
74,30.8763333333333,0.91,91,287.669217821637
74,30.8763333333333,0.98,98,299.934475051186
74,30.8763333333333,0.996,99.6,311.00920106843
75,31.1275,0.004,0.4,235.11574516576
75,31.1275,0.02,2,242.156548978769
75,31.1275,0.09,9,251.063244222907
75,31.1275,0.25,25,259.940722947184
75,31.1275,0.5,50,269.527411498989
75,31.1275,0.75,75,279.777739487707
75,31.1275,0.91,91,290.621861427677
75,31.1275,0.98,98,303.103972156714
75,31.1275,0.996,99.6,314.354197028548
76,31.3786666666667,0.004,0.4,236.83123523741
76,31.3786666666667,0.02,2,244.051432070097
76,31.3786666666667,0.09,9,253.175987624318
76,31.3786666666667,0.25,25,262.259946273833
76,31.3786666666667,0.5,50,272.056995921
76,31.3786666666667,0.75,75,282.51703846043
76,31.3786666666667,0.91,91,293.565131288459
76,31.3786666666667,0.98,98,306.258268144433
76,31.3786666666667,0.996,99.6,317.676079239737
77,31.6298333333333,0.004,0.4,238.531182800716
77,31.6298333333333,0.02,2,245.934889031327
77,31.6298333333333,0.09,9,255.280769726197
77,31.6298333333333,0.25,25,264.57272535739
77,31.6298333333333,0.5,50,274.579620778153
77,31.6298333333333,0.75,75,285.246394023664
77,31.6298333333333,0.91,91,296.492635510421
77,31.6298333333333,0.98,98,309.386832677394
77,31.6298333333333,0.996,99.6,320.960400618877
78,31.881,0.004,0.4,240.223870889657
78,31.881,0.02,2,247.813811090295
78,31.881,0.09,9,257.38246329815
78,31.881,0.25,25,266.881663207604
78,31.881,0.5,50,277.095186067633
78,31.881,0.75,75,287.962573068229
78,31.881,0.91,91,299.397609659758
78,31.881,0.98,98,312.47863940992
78,31.881,0.996,99.6,324.192185508368
79,32.1321666666667,0.004,0.4,241.918785602869
79,32.1321666666667,0.02,2,249.696038963952
79,32.1321666666667,0.09,9,259.486569391041
79,32.1321666666667,0.25,25,269.189680771587
79,32.1321666666667,0.5,50,279.603597322388
79,32.1321666666667,0.75,75,290.662052771334
79,32.1321666666667,0.91,91,302.272744045086
79,32.1321666666667,0.98,98,315.521910038371
79,32.1321666666667,0.996,99.6,327.355611275192
80,32.3833333333333,0.004,0.4,243.630713798961
80,32.3833333333333,0.02,2,251.593664877507
80,32.3833333333333,0.09,9,261.601488375107
80,32.3833333333333,0.25,25,271.501237240953
80,32.3833333333333,0.5,50,282.104829367298
80,32.3833333333333,0.75,75,293.339826362318
80,32.3833333333333,0.91,91,305.107637801791
80,32.3833333333333,0.98,98,318.499988858705
80,32.3833333333333,0.996,99.6,330.428438806983
81,32.6345,0.004,0.4,245.37891812354
81,32.6345,0.02,2,253.522316419799
81,32.6345,0.09,9,263.737981525386
81,32.6345,0.25,25,273.822015025573
81,32.6345,0.5,50,284.598905351395
81,32.6345,0.75,75,295.989757126004
81,32.6345,0.91,91,307.889616191751
81,32.6345,0.98,98,321.392774347178
81,32.6345,0.996,99.6,333.384067270115
82,32.8856666666667,0.004,0.4,247.184305954141
82,32.8856666666667,0.02,2,255.498817456442
82,32.8856666666667,0.09,9,265.907512898275
82,32.8856666666667,0.25,25,276.158003625858
82,32.8856666666667,0.5,50,287.085849340443
82,32.8856666666667,0.75,75,298.605531945273
82,32.8856666666667,0.91,91,310.605816630041
82,32.8856666666667,0.98,98,324.180190797686
82,32.8856666666667,0.996,99.6,336.196318486528
83,33.1368333333333,0.004,0.4,249.069213480697
83,33.1368333333333,0.02,2,257.540973403793
83,33.1368333333333,0.09,9,268.122069841145
83,33.1368333333333,0.25,25,278.515389746225
83,33.1368333333333,0.5,50,289.565685397297
83,33.1368333333333,0.75,75,301.180808841875
83,33.1368333333333,0.91,91,313.243520243493
83,33.1368333333333,0.98,98,326.842753162283
83,33.1368333333333,0.996,99.6,338.84021988386
84,33.388,0.004,0.4,251.057090851968
84,33.388,0.02,2,259.667276010653
84,33.388,0.09,9,270.393929665904
84,33.388,0.25,25,280.900420985916
84,33.388,0.5,50,292.038437640902
84,33.388,0.75,75,303.709389089509
84,33.388,0.91,91,315.790523590312
84,33.388,0.98,98,329.362175272149
84,33.388,0.996,99.6,341.292818801652
85,33.6391666666667,0.004,0.4,253.170543926534
85,33.6391666666667,0.02,2,261.895291469409
85,33.6391666666667,0.09,9,272.734533443894
85,33.6391666666667,0.25,25,283.318805753682
85,33.6391666666667,0.5,50,294.504132313887
85,33.6391666666667,0.75,75,306.185887280253
85,33.6391666666667,0.91,91,318.236526400345
85,33.6391666666667,0.98,98,331.723578151497
85,33.6391666666667,0.996,99.6,343.53611019407
86,33.8903333333333,0.004,0.4,255.396109664397
86,33.8903333333333,0.02,2,264.213432006646
86,33.8903333333333,0.09,9,275.135302986759
86,33.8903333333333,0.25,25,285.76571231984
86,33.8903333333333,0.5,50,296.962843698462
86,33.8903333333333,0.75,75,308.616612748439
86,33.8903333333333,0.91,91,320.595522201836
86,33.8903333333333,0.98,98,333.951119279446
86,33.8903333333333,0.996,99.6,345.604538263458
87,34.1415,0.004,0.4,257.683809442536
87,34.1415,0.02,2,266.58098696034
87,34.1415,0.09,9,277.567995385354
87,34.1415,0.25,25,288.226125773247
87,34.1415,0.5,50,299.414691723962
87,34.1415,0.75,75,311.018770337176
87,34.1415,0.91,91,322.903702871961
87,34.1415,0.98,98,336.103851879552
87,34.1415,0.996,99.6,347.578533201923
88,34.3926666666667,0.004,0.4,259.979710453634
88,34.3926666666667,0.02,2,268.954499283307
88,34.3926666666667,0.09,9,280.002866331106
88,34.3926666666667,0.25,25,290.684438884908
88,34.3926666666667,0.5,50,301.859797952567
88,34.3926666666667,0.75,75,313.409744510036
88,34.3926666666667,0.91,91,325.197108468894
88,34.3926666666667,0.98,98,338.23963794385
88,34.3926666666667,0.996,99.6,349.535806620601
89,34.6438333333333,0.004,0.4,262.227492616058
89,34.6438333333333,0.02,2,271.28908687619
89,34.6438333333333,0.09,9,282.409611809557
89,34.6438333333333,0.25,25,293.124959122714
89,34.6438333333333,0.5,50,304.298283975509
89,34.6438333333333,0.75,75,315.806535478076
89,34.6438333333333,0.91,91,327.510476585089
89,34.6438333333333,0.98,98,340.413367454799
89,34.6438333333333,0.996,99.6,351.549072318747
90,34.895,0.004,0.4,264.368438452008
90,34.895,0.02,2,273.538472083706
90,34.895,0.09,9,284.757406760132
90,34.895,0.25,25,295.531931501626
90,34.895,0.5,50,306.730271571757
90,34.895,0.75,75,318.225751588928
90,34.895,0.91,91,329.877267881924
90,34.895,0.98,98,342.677099834743
90,34.895,0.996,99.6,353.686381396635
91,35.1461666666667,0.004,0.4,266.340405953055
91,35.1461666666667,0.02,2,275.654195001305
91,35.1461666666667,0.09,9,287.014387096939
91,35.1461666666667,0.25,25,297.889269691736
91,35.1461666666667,0.5,50,309.155882691761
91,35.1461666666667,0.75,75,320.683916524017
91,35.1461666666667,0.91,91,332.330338572529
91,35.1461666666667,0.98,98,345.081226018806
91,35.1461666666667,0.996,99.6,356.012800002526
92,35.3973333333333,0.004,0.4,268.114042233919
92,35.3973333333333,0.02,2,277.614248665635
92,35.3973333333333,0.09,9,289.166799624646
92,35.3973333333333,0.25,25,300.190409216624
92,35.3973333333333,0.5,50,311.57527038542
92,35.3973333333333,0.75,75,323.187281447149
92,35.3973333333333,0.91,91,334.881287011293
92,35.3973333333333,0.98,98,347.642228100423
92,35.3973333333333,0.996,99.6,358.548153822279
93,35.6485,0.004,0.4,269.704668961211
93,35.6485,0.02,2,279.432102600435
93,35.6485,0.09,9,291.224728321313
93,35.6485,0.25,25,302.441100782011
93,35.6485,0.5,50,313.988626546456
93,35.6485,0.75,75,325.729268850767
93,35.6485,0.91,91,337.515618441963
93,35.6485,0.98,98,350.33572377782
93,35.6485,0.996,99.6,361.258577057703
94,35.8996666666667,0.004,0.4,271.131032387143
94,35.8996666666667,0.02,2,281.12385573236
94,35.8996666666667,0.09,9,293.199925541488
94,35.8996666666667,0.25,25,304.647897530061
94,35.8996666666667,0.5,50,316.39614576855
94,35.8996666666667,0.75,75,328.302625755033
94,35.8996666666667,0.91,91,340.217655484685
94,35.8996666666667,0.98,98,353.135833878946
94,35.8996666666667,0.996,99.6,364.108664405384
95,36.1508333333333,0.004,0.4,272.413037863403
95,36.1508333333333,0.02,2,282.706446454301
95,36.1508333333333,0.09,9,295.104614310933
95,36.1508333333333,0.25,25,306.817538157911
95,36.1508333333333,0.5,50,318.798022670776
95,36.1508333333333,0.75,75,330.900058022563
95,36.1508333333333,0.91,91,342.971818013969
95,36.1508333333333,0.98,98,356.017161662746
95,36.1508333333333,0.996,99.6,367.064035043455
96,36.402,0.004,0.4,273.572604745158
96,36.402,0.02,2,284.198315139212
96,36.402,0.09,9,296.95191979451
96,36.402,0.25,25,308.957163659136
96,36.402,0.5,50,321.19445186564
96,36.402,0.75,75,333.514010679085
96,36.402,0.91,91,345.762177957379
96,36.402,0.98,98,358.954088243513
96,36.402,0.996,99.6,370.09038799907
97,36.6531666666667,0.004,0.4,274.634488511327
97,36.6531666666667,0.02,2,285.620013866953
97,36.6531666666667,0.09,9,298.756245219991
97,36.6531666666667,0.25,25,311.074496509879
97,36.6531666666667,0.5,50,323.585628148738
97,36.6531666666667,0.75,75,336.136505173183
97,36.6531666666667,0.91,91,348.572145138406
97,36.6531666666667,0.98,98,361.920298155932
97,36.6531666666667,0.996,99.6,373.152886982686
98,36.9043333333333,0.004,0.4,275.622718030532
98,36.9043333333333,0.02,2,286.991404698922
98,36.9043333333333,0.09,9,300.531412834763
98,36.9043333333333,0.25,25,313.176898272273
98,36.9043333333333,0.5,50,325.971763422102
98,36.9043333333333,0.75,75,338.760140569309
98,36.9043333333333,0.91,91,351.386457117594
98,36.9043333333333,0.98,98,364.891835085648
98,36.9043333333333,0.996,99.6,376.220108740896
99,37.1555,0.004,0.4,276.556944525664
99,37.1555,0.02,2,288.328837666629
99,37.1555,0.09,9,302.288828464671
99,37.1555,0.25,25,315.270455300515
99,37.1555,0.5,50,328.353100022216
99,37.1555,0.75,75,341.379022875488
99,37.1555,0.91,91,354.192994211622
99,37.1555,0.98,98,367.849834583739
99,37.1555,0.996,99.6,379.26751502303
100,37.4066666666667,0.004,0.4,277.459095621397
100,37.4066666666667,0.02,2,289.650273610807
100,37.4066666666667,0.09,9,304.040799752193
100,37.4066666666667,0.25,25,317.361628795155
100,37.4066666666667,0.5,50,330.729883514021
100,37.4066666666667,0.75,75,343.987063858703
100,37.4066666666667,0.91,91,356.979419380454
100,37.4066666666667,0.98,98,370.775373587059
100,37.4066666666667,0.996,99.6,382.270781249069
101,37.6578333333333,0.004,0.4,278.354569551661
101,37.6578333333333,0.02,2,290.976116453886
101,37.6578333333333,0.09,9,305.801014782814
101,37.6578333333333,0.25,25,319.457468758053
101,37.6578333333333,0.5,50,333.102359449492
101,37.6578333333333,0.75,75,346.577797547057
101,37.6578333333333,0.91,91,359.732840223837
101,37.6578333333333,0.98,98,373.64898067089
101,37.6578333333333,0.996,99.6,385.205182336772
102,37.909,0.004,0.4,279.272589249257
102,37.909,0.02,2,292.329367343117
102,37.909,0.09,9,307.584564640562
102,37.909,0.25,25,321.565596213043
102,37.909,0.5,50,335.470773374004
102,37.909,0.75,75,349.14443724205
102,37.909,0.91,91,362.439944765183
102,37.909,0.98,98,376.450866625727
102,37.909,0.996,99.6,388.045902760615
103,38.1601666666667,0.004,0.4,280.246457241333
103,38.1601666666667,0.02,2,293.73567773184
103,38.1601666666667,0.09,9,309.407890789956
103,38.1601666666667,0.25,25,323.694146620921
103,38.1601666666667,0.5,50,337.835370801515
103,38.1601666666667,0.75,75,351.679967666911
103,38.1601666666667,0.91,91,365.087200919552
103,38.1601666666667,0.98,98,379.161241547678
103,38.1601666666667,0.996,99.6,390.768446366403
104,38.4113333333333,0.004,0.4,281.307399213716
104,38.4113333333333,0.02,2,295.218530473264
104,38.4113333333333,0.09,9,311.285623343579
104,38.4113333333333,0.25,25,325.85017721042
104,38.4113333333333,0.5,50,340.196381770179
104,38.4113333333333,0.75,75,354.178674654274
104,38.4113333333333,0.91,91,367.663868164741
104,38.4113333333333,0.98,98,381.764855640913
104,38.4113333333333,0.996,99.6,393.354412226502
105,38.6625,0.004,0.4,282.473681385135
105,38.6625,0.02,2,296.791023527866
105,38.6625,0.09,9,313.22538502626
105,38.6625,0.25,25,328.037125511782
105,38.6625,0.5,50,342.553997488186
105,38.6625,0.75,75,356.638472884481
105,38.6625,0.91,91,370.166491440672
105,38.6625,0.98,98,384.257650685813
105,38.6625,0.996,99.6,395.799838384696
106,38.9136666666667,0.004,0.4,283.762153597214
106,38.9136666666667,0.02,2,298.464740612948
106,38.9136666666667,0.09,9,315.233561344465
106,38.9136666666667,0.25,25,330.257721737615
106,38.9136666666667,0.5,50,344.90840329069
106,38.9136666666667,0.75,75,359.058060949571
106,38.9136666666667,0.91,91,372.593210351412
106,38.9136666666667,0.98,98,386.638020086296
106,38.9136666666667,0.996,99.6,398.103901835787
107,39.1648333333333,0.004,0.4,285.190283056294
107,39.1648333333333,0.02,2,300.251273236403
107,39.1648333333333,0.09,9,317.316282138986
107,39.1648333333333,0.25,25,332.514486612588
107,39.1648333333333,0.5,50,347.259784487289
107,39.1648333333333,0.75,75,361.436424163219
107,39.1648333333333,0.91,91,374.942752850429
107,39.1648333333333,0.98,98,388.905246725225
107,39.1648333333333,0.996,99.6,400.266884294381
108,39.416,0.004,0.4,286.775836110438
108,39.416,0.02,2,302.161963560114
108,39.416,0.09,9,319.479270417989
108,39.416,0.25,25,334.809668654355
108,39.416,0.5,50,349.608326451088
108,39.416,0.75,75,363.772868242882
108,39.416,0.91,91,377.214476932888
108,39.416,0.98,98,391.059531791748
108,39.416,0.996,99.6,402.290178180251
109,39.6671666666667,0.004,0.4,288.536942223672
109,39.6671666666667,0.02,2,304.20795120697
109,39.6671666666667,0.09,9,321.727893330439
109,39.6671666666667,0.25,25,337.145283015288
109,39.6671666666667,0.5,50,351.954214243656
109,39.6671666666667,0.75,75,366.066954246873
109,39.6671666666667,0.91,91,379.408222464733
109,39.6671666666667,0.98,98,393.101743906725
109,39.6671666666667,0.996,99.6,404.175943734823
110,39.9183333333333,0.004,0.4,290.480451505833
110,39.9183333333333,0.02,2,306.391731412581
110,39.9183333333333,0.09,9,324.062040131176
110,39.9183333333333,0.25,25,339.520694415444
110,39.9183333333333,0.5,50,354.297642561497
110,39.9183333333333,0.75,75,368.320685869811
110,39.9183333333333,0.91,91,381.528453225736
110,39.9183333333333,0.98,98,395.039479739013
110,39.9183333333333,0.996,99.6,405.934666773229
111,40.1695,0.004,0.4,292.575706484046
111,40.1695,0.02,2,308.688544853672
111,40.1695,0.09,9,326.465043999119
111,40.1695,0.25,25,341.927460885495
111,40.1695,0.5,50,356.638837374718
111,40.1695,0.75,75,370.543079148857
111,40.1695,0.91,91,383.592835539977
111,40.1695,0.98,98,396.899509790318
111,40.1695,0.996,99.6,407.600574920336
112,40.4206666666667,0.004,0.4,294.77972344056
112,40.4206666666667,0.02,2,311.06537717718
112,40.4206666666667,0.09,9,328.91568844551
112,40.4206666666667,0.25,25,344.35518401234
112,40.4206666666667,0.5,50,358.978032034268
112,40.4206666666667,0.75,75,372.744599242613
112,40.4206666666667,0.91,91,385.621503854524
112,40.4206666666667,0.98,98,398.71180971603
112,40.4206666666667,0.996,99.6,409.211493026413
113,40.6718333333333,0.004,0.4,297.046034183814
113,40.6718333333333,0.02,2,313.487562346226
113,40.6718333333333,0.09,9,331.392313256902
113,40.6718333333333,0.25,25,346.793476255489
113,40.6718333333333,0.5,50,361.315459852787
113,40.6718333333333,0.75,75,374.935356161961
113,40.6718333333333,0.91,91,387.633639291204
113,40.6718333333333,0.98,98,400.504562746648
113,40.6718333333333,0.996,99.6,410.802632394253
114,40.923,0.004,0.4,299.325212827413
114,40.923,0.02,2,315.919234688284
114,40.923,0.09,9,333.873096533911
114,40.923,0.25,25,349.232085867476
114,40.923,0.5,50,363.651354142041
114,40.923,0.75,75,377.125024474556
114,40.923,0.91,91,389.647354718481
114,40.923,0.98,98,402.304053733085
114,40.923,0.996,99.6,412.406525421053
115,41.1741666666667,0.004,0.4,301.56505914453
115,41.1741666666667,0.02,2,318.323527842581
115,41.1741666666667,0.09,9,336.336178116844
115,41.1741666666667,0.25,25,351.660945357439
115,41.1741666666667,0.5,50,365.985948267432
115,41.1741666666667,0.75,75,379.322831218504
115,41.1741666666667,0.91,91,391.679706273422
115,41.1741666666667,0.98,98,404.134741519371
115,41.1741666666667,0.996,99.6,414.053173837689
116,41.4253333333333,0.004,0.4,303.719517549381
116,41.4253333333333,0.02,2,320.668865460036
116,41.4253333333333,0.09,9,338.763354608788
116,41.4253333333333,0.25,25,354.071864178962
116,41.4253333333333,0.5,50,368.319466060466
116,41.4253333333333,0.75,75,381.536101081625
116,41.4253333333333,0.91,91,393.744011521408
116,41.4253333333333,0.98,98,406.015441035939
116,41.4253333333333,0.996,99.6,415.765392856055
117,41.6765,0.004,0.4,305.784450412569
117,41.6765,0.02,2,322.95355439106
117,41.6765,0.09,9,341.154286924304
117,41.6765,0.25,25,356.464987527682
117,41.6765,0.5,50,370.652084935994
117,41.6765,0.75,75,383.764721566457
117,41.6765,0.91,91,395.839627387135
117,41.6765,0.98,98,407.944720881546
117,41.6765,0.996,99.6,417.540938632582
118,41.9276666666667,0.004,0.4,307.770171666005
118,41.9276666666667,0.02,2,325.185937006094
118,41.9276666666667,0.09,9,343.514470228433
118,41.9276666666667,0.25,25,358.843121354723
118,41.9276666666667,0.5,50,372.983967097371
118,41.9276666666667,0.75,75,386.006295471127
118,41.9276666666667,0.91,91,397.961693724028
118,41.9276666666667,0.98,98,409.915134887081
118,41.9276666666667,0.996,99.6,419.370220132542
119,42.1788333333333,0.004,0.4,309.687449716006
119,42.1788333333333,0.02,2,327.374496157248
119,42.1788333333333,0.09,9,345.849360925753
119,42.1788333333333,0.25,25,361.209006497744
119,42.1788333333333,0.5,50,375.315275206242
119,42.1788333333333,0.75,75,388.258554544718
119,42.1788333333333,0.91,91,400.105649741613
119,42.1788333333333,0.98,98,411.919753616435
119,42.1788333333333,0.996,99.6,421.244366989529
120,42.43,0.004,0.4,311.547382849065
120,42.43,0.02,2,329.527744442222
120,42.43,0.09,9,348.164306300957
120,42.43,0.25,25,363.565286051574
120,42.43,0.5,50,377.646170066118
120,42.43,0.75,75,390.519377886514
120,42.43,0.91,91,402.267263777894
120,42.43,0.98,98,413.952197321413
120,42.43,0.996,99.6,423.155258808083
